<?xml version="1.0" encoding="UTF-8"?>
<project-private xmlns="http://www.netbeans.org/ns/project-private/1">
    <editor-bookmarks xmlns="http://www.netbeans.org/ns/editor-bookmarks/2" lastBookmarkId="0"/>
    <open-files xmlns="http://www.netbeans.org/ns/projectui-open-files/2">
        <group>
            <file>file:/C:/Users/User/OneDrive%20-%20University%20of%20the%20West%20of%20Scotland/Uni/2nd%20Year/Structures%20and%20Algorithms/Code/FamilyTreeTest/src/FamilyTreeTest.java</file>
            <file>file:/C:/Users/User/OneDrive%20-%20University%20of%20the%20West%20of%20Scotland/Uni/2nd%20Year/Structures%20and%20Algorithms/Code/FamilyTreeTest/src/FamilyTree.java</file>
        </group>
    </open-files>
</project-private>
